signal,reference,model,time_start,time_end,rmse,max_abs,rel_l2,rel_l2_pct
Drag (Lx),HDM,HPROM-35,0.00000000e+00,1.50000000e+02,7.74184460e-06,1.53570000e-05,1.17497274e-03,1.17497274e-01
Lift (Lz),HDM,HPROM-35,0.00000000e+00,1.50000000e+02,1.71309190e-05,5.81488000e-05,1.73800280e-02,1.73800280e+00
Probe Pressure,HDM,HPROM-35,0.00000000e+00,1.50000000e+02,2.76797825e-03,9.96000000e-03,1.56180010e-04,1.56180010e-02
Probe Velocity X,HDM,HPROM-35,0.00000000e+00,1.50000000e+02,7.52258235e-03,2.45776000e-02,1.16913169e-02,1.16913169e+00
Probe Velocity Z,HDM,HPROM-35,0.00000000e+00,1.50000000e+02,1.30823144e-02,3.76513000e-02,3.41641174e-02,3.41641174e+00
