signal,reference,model,time_start,time_end,rmse,max_abs,rel_l2,rel_l2_pct
Drag (Lx),HDM,HPROM-LOCAL-ANN,0.00000000e+00,1.50000000e+02,1.26257270e-05,3.86000000e-05,1.91619515e-03,1.91619515e-01
Lift (Lz),HDM,HPROM-LOCAL-ANN,0.00000000e+00,1.50000000e+02,1.66794161e-04,4.73786280e-04,1.69219596e-01,1.69219596e+01
Probe Pressure,HDM,HPROM-LOCAL-ANN,0.00000000e+00,1.50000000e+02,9.20783003e-03,3.29700000e-02,5.19541288e-04,5.19541288e-02
Probe Velocity X,HDM,HPROM-LOCAL-ANN,0.00000000e+00,1.50000000e+02,1.79199596e-02,5.48929000e-02,2.78505328e-02,2.78505328e+00
Probe Velocity Z,HDM,HPROM-LOCAL-ANN,0.00000000e+00,1.50000000e+02,6.45613659e-02,2.55878300e-01,1.68600296e-01,1.68600296e+01
