signal,reference,model,time_start,time_end,rmse,max_abs,rel_l2,rel_l2_pct
Drag (Lx),HDM,HPROM-GPR-10,0.00000000e+00,1.50000000e+02,8.80992264e-06,2.66870000e-05,1.33707398e-03,1.33707398e-01
Lift (Lz),HDM,HPROM-GPR-10,0.00000000e+00,1.50000000e+02,1.39554109e-04,4.19587000e-04,1.41583433e-01,1.41583433e+01
Probe Pressure,HDM,HPROM-GPR-10,0.00000000e+00,1.50000000e+02,8.36972803e-03,2.67100000e-02,4.72252340e-04,4.72252340e-02
Probe Velocity X,HDM,HPROM-GPR-10,0.00000000e+00,1.50000000e+02,1.60485077e-02,5.39059000e-02,2.49419920e-02,2.49419920e+00
Probe Velocity Z,HDM,HPROM-GPR-10,0.00000000e+00,1.50000000e+02,5.22316940e-02,2.23647980e-01,1.36401685e-01,1.36401685e+01
