signal,reference,model,time_start,time_end,rmse,max_abs,rel_l2,rel_l2_pct
Drag (Lx),HDM,Local-HPROM-GPR,0.00000000e+00,1.50000000e+02,1.03083572e-03,1.26569200e-03,1.56449004e-01,1.56449004e+01
Lift (Lz),HDM,Local-HPROM-GPR,0.00000000e+00,1.50000000e+02,9.85601502e-04,1.66935764e-03,9.99933614e-01,9.99933614e+01
Probe Pressure,HDM,Local-HPROM-GPR,0.00000000e+00,1.50000000e+02,5.23715314e-02,1.00160000e-01,2.95500382e-03,2.95500382e-01
Probe Velocity X,HDM,Local-HPROM-GPR,0.00000000e+00,1.50000000e+02,7.06573638e-01,8.76592280e-01,1.09813039e+00,1.09813039e+02
Probe Velocity Z,HDM,Local-HPROM-GPR,0.00000000e+00,1.50000000e+02,3.83086402e-01,5.35955520e-01,1.00041999e+00,1.00041999e+02
