signal,reference,model,time_start,time_end,rmse,max_abs,rel_l2,rel_l2_pct
Drag (Lx),HDM,Local-HPROM-RBF,0.00000000e+00,1.50000000e+02,1.07034651e-03,1.30476700e-03,1.62445521e-01,1.62445521e+01
Lift (Lz),HDM,Local-HPROM-RBF,0.00000000e+00,1.50000000e+02,9.93727843e-04,1.79554920e-03,1.00817812e+00,1.00817812e+02
Probe Pressure,HDM,Local-HPROM-RBF,0.00000000e+00,1.50000000e+02,1.44497585e-01,1.96080000e-01,8.15311109e-03,8.15311109e-01
Probe Velocity X,HDM,Local-HPROM-RBF,0.00000000e+00,1.50000000e+02,5.22508128e-01,6.72008800e-01,8.12062643e-01,8.12062643e+01
Probe Velocity Z,HDM,Local-HPROM-RBF,0.00000000e+00,1.50000000e+02,8.34591473e-01,1.29169130e+00,2.17951351e+00,2.17951351e+02
