signal,reference,model,time_start,time_end,rmse,max_abs,rel_l2,rel_l2_pct
Drag (Lx),HDM,HPROM-GPR-10,0.00000000e+00,1.50000000e+02,8.80992099e-06,2.66870000e-05,1.33707373e-03,1.33707373e-01
Lift (Lz),HDM,HPROM-GPR-10,0.00000000e+00,1.50000000e+02,1.39553832e-04,4.19586800e-04,1.41583152e-01,1.41583152e+01
Probe Pressure,HDM,HPROM-GPR-10,0.00000000e+00,1.50000000e+02,8.36970994e-03,2.67100000e-02,4.72251319e-04,4.72251319e-02
Probe Velocity X,HDM,HPROM-GPR-10,0.00000000e+00,1.50000000e+02,1.60484759e-02,5.39059000e-02,2.49419426e-02,2.49419426e+00
Probe Velocity Z,HDM,HPROM-GPR-10,0.00000000e+00,1.50000000e+02,5.22315925e-02,2.23647930e-01,1.36401420e-01,1.36401420e+01
