signal,reference,model,time_start,time_end,rmse,max_abs,rel_l2,rel_l2_pct
Drag (Lx),HDM,HPROM-ANN-10,0.00000000e+00,1.50000000e+02,1.05038237e-05,3.04710000e-05,1.59415581e-03,1.59415581e-01
Lift (Lz),HDM,HPROM-ANN-10,0.00000000e+00,1.50000000e+02,1.75565046e-04,5.25164900e-04,1.78118023e-01,1.78118023e+01
Probe Pressure,HDM,HPROM-ANN-10,0.00000000e+00,1.50000000e+02,1.03370160e-02,3.32700000e-02,5.83254317e-04,5.83254317e-02
Probe Velocity X,HDM,HPROM-ANN-10,0.00000000e+00,1.50000000e+02,1.91665178e-02,6.75061000e-02,2.97878870e-02,2.97878870e+00
Probe Velocity Z,HDM,HPROM-ANN-10,0.00000000e+00,1.50000000e+02,6.24031485e-02,2.67385100e-01,1.62964168e-01,1.62964168e+01
