signal,reference,model,time_start,time_end,rmse,max_abs,rel_l2,rel_l2_pct
Drag (Lx),HDM,HPROM-LOCAL-GPR,0.00000000e+00,1.50000000e+02,1.26664369e-05,4.56090000e-05,1.92237366e-03,1.92237366e-01
Lift (Lz),HDM,HPROM-LOCAL-GPR,0.00000000e+00,1.50000000e+02,1.01689981e-04,3.39337160e-04,1.03168705e-01,1.03168705e+01
Probe Pressure,HDM,HPROM-LOCAL-GPR,0.00000000e+00,1.50000000e+02,5.92140210e-03,2.31100000e-02,3.34108347e-04,3.34108347e-02
Probe Velocity X,HDM,HPROM-LOCAL-GPR,0.00000000e+00,1.50000000e+02,1.13124011e-02,3.92169000e-02,1.75813119e-02,1.75813119e+00
Probe Velocity Z,HDM,HPROM-LOCAL-GPR,0.00000000e+00,1.50000000e+02,3.78974332e-02,1.82949920e-01,9.89681424e-02,9.89681424e+00
