signal,reference,model,time_start,time_end,rmse,max_abs,rel_l2,rel_l2_pct
Drag (Lx),HDM,HPROM-ANN-10,0.00000000e+00,1.50000000e+02,1.34236130e-05,3.19600000e-05,2.03728960e-03,2.03728960e-01
Lift (Lz),HDM,HPROM-ANN-10,0.00000000e+00,1.50000000e+02,2.05790789e-04,4.81415100e-04,2.08783293e-01,2.08783293e+01
Probe Pressure,HDM,HPROM-ANN-10,0.00000000e+00,1.50000000e+02,1.22488996e-02,3.06200000e-02,6.91130161e-04,6.91130161e-02
Probe Velocity X,HDM,HPROM-ANN-10,0.00000000e+00,1.50000000e+02,2.33894661e-02,6.12998000e-02,3.63510358e-02,3.63510358e+00
Probe Velocity Z,HDM,HPROM-ANN-10,0.00000000e+00,1.50000000e+02,7.57490619e-02,2.47869490e-01,1.97816668e-01,1.97816668e+01
