signal,reference,model,time_start,time_end,rmse,max_abs,rel_l2,rel_l2_pct
Drag (Lx),HDM,HPROM-35,0.00000000e+00,1.50000000e+02,6.54794241e-06,1.54570000e-05,9.93775290e-04,9.93775290e-02
Lift (Lz),HDM,HPROM-35,0.00000000e+00,1.50000000e+02,2.47253672e-05,5.73353000e-05,2.50849108e-02,2.50849108e+00
Probe Pressure,HDM,HPROM-35,0.00000000e+00,1.50000000e+02,3.15453173e-03,9.54000000e-03,1.77990848e-04,1.77990848e-02
Probe Velocity X,HDM,HPROM-35,0.00000000e+00,1.50000000e+02,7.66583108e-03,2.53477000e-02,1.19139487e-02,1.19139487e+00
Probe Velocity Z,HDM,HPROM-35,0.00000000e+00,1.50000000e+02,1.16985106e-02,3.57831000e-02,3.05503503e-02,3.05503503e+00
