signal,reference,model,time_start,time_end,rmse,max_abs,rel_l2,rel_l2_pct
Drag (Lx),HDM,HPROM-RBF-10,0.00000000e+00,1.50000000e+02,2.00484804e-05,4.90610000e-05,3.04273972e-03,3.04273972e-01
Lift (Lz),HDM,HPROM-RBF-10,0.00000000e+00,1.50000000e+02,2.46136746e-04,5.93314600e-04,2.49715940e-01,2.49715940e+01
Probe Pressure,HDM,HPROM-RBF-10,0.00000000e+00,1.50000000e+02,1.32756124e-02,3.69000000e-02,7.49061261e-04,7.49061261e-02
Probe Velocity X,HDM,HPROM-RBF-10,0.00000000e+00,1.50000000e+02,2.65851514e-02,7.17378000e-02,4.13176506e-02,4.13176506e+00
Probe Velocity Z,HDM,HPROM-RBF-10,0.00000000e+00,1.50000000e+02,9.46126675e-02,3.20966570e-01,2.47078474e-01,2.47078474e+01
