signal,reference,model,time_start,time_end,rmse,max_abs,rel_l2,rel_l2_pct
Drag (Lx),HDM,Local-HPROM-ANN,0.00000000e+00,1.50000000e+02,4.42649345e-04,1.20653600e-03,6.71804903e-02,6.71804903e+00
Lift (Lz),HDM,Local-HPROM-ANN,0.00000000e+00,1.50000000e+02,1.29000730e-03,2.86024200e-03,1.30876592e+00,1.30876592e+02
Probe Pressure,HDM,Local-HPROM-ANN,0.00000000e+00,1.50000000e+02,4.32051465e-02,1.12690000e-01,2.43780102e-03,2.43780102e-01
Probe Velocity X,HDM,Local-HPROM-ANN,0.00000000e+00,1.50000000e+02,2.67930892e-01,8.62459890e-01,4.16408198e-01,4.16408198e+01
Probe Velocity Z,HDM,Local-HPROM-ANN,0.00000000e+00,1.50000000e+02,5.10027971e-01,9.88442700e-01,1.33192453e+00,1.33192453e+02
