signal,reference,model,time_start,time_end,rmse,max_abs,rel_l2,rel_l2_pct
Drag (Lx),HDM,HPROM-10,0.00000000e+00,1.50000000e+02,4.14087775e-05,7.19790000e-05,6.28457267e-03,6.28457267e-01
Lift (Lz),HDM,HPROM-10,0.00000000e+00,1.50000000e+02,1.47690490e-04,5.06133200e-04,1.49838130e-01,1.49838130e+01
Probe Pressure,HDM,HPROM-10,0.00000000e+00,1.50000000e+02,1.31228432e-02,4.05400000e-02,7.40441430e-04,7.40441430e-02
Probe Velocity X,HDM,HPROM-10,0.00000000e+00,1.50000000e+02,5.83355462e-02,1.15328600e-01,9.06629300e-02,9.06629300e+00
Probe Velocity Z,HDM,HPROM-10,0.00000000e+00,1.50000000e+02,8.75420632e-02,2.37451200e-01,2.28613778e-01,2.28613778e+01
