signal,reference,model,time_start,time_end,rmse,max_abs,rel_l2,rel_l2_pct
Drag (Lx),HDM,HPROM-LOCAL-RBF,0.00000000e+00,1.50000000e+02,1.08133149e-05,2.90250000e-05,1.64112701e-03,1.64112701e-01
Lift (Lz),HDM,HPROM-LOCAL-RBF,0.00000000e+00,1.50000000e+02,1.30650230e-04,3.54370100e-04,1.32550078e-01,1.32550078e+01
Probe Pressure,HDM,HPROM-LOCAL-RBF,0.00000000e+00,1.50000000e+02,7.02842606e-03,2.10500000e-02,3.96570909e-04,3.96570909e-02
Probe Velocity X,HDM,HPROM-LOCAL-RBF,0.00000000e+00,1.50000000e+02,1.42272325e-02,4.39179000e-02,2.21114341e-02,2.21114341e+00
Probe Velocity Z,HDM,HPROM-LOCAL-RBF,0.00000000e+00,1.50000000e+02,5.09082733e-02,1.97909270e-01,1.32945607e-01,1.32945607e+01
