signal,reference,model,time_start,time_end,rmse,max_abs,rel_l2,rel_l2_pct
Drag (Lx),HDM,HPROM-RBF-10,0.00000000e+00,1.50000000e+02,1.10282022e-05,2.48740000e-05,1.67374027e-03,1.67374027e-01
Lift (Lz),HDM,HPROM-RBF-10,0.00000000e+00,1.50000000e+02,1.51279810e-04,3.57558900e-04,1.53479643e-01,1.53479643e+01
Probe Pressure,HDM,HPROM-RBF-10,0.00000000e+00,1.50000000e+02,8.83230496e-03,2.39800000e-02,4.98352714e-04,4.98352714e-02
Probe Velocity X,HDM,HPROM-RBF-10,0.00000000e+00,1.50000000e+02,1.74125945e-02,4.62913000e-02,2.70620049e-02,2.70620049e+00
Probe Velocity Z,HDM,HPROM-RBF-10,0.00000000e+00,1.50000000e+02,5.73877476e-02,1.95276690e-01,1.49866582e-01,1.49866582e+01
